{"cameraMode":{"drawMode":0,"name":"Shaded","section":"Shading Mode"},"sceneLighting":true,"audioPlay":false,"sceneViewState":{"showFog":false,"showMaterialUpdate":false,"showSkybox":false,"showFlares":false,"showImageEffects":false,"showParticleSystems":false},"in2DMode":false,"pivot":{"x":5.440418720245361,"y":3.0081446170806886,"z":-9.438002586364746},"rotation":{"x":0.18206702172756196,"y":-0.3469131588935852,"z":0.06884237378835678,"w":0.9174771308898926},"size":11.978787422180176,"orthographic":true}