{"cameraMode":{"drawMode":2,"name":"Shaded Wireframe","section":"Shading Mode"},"sceneLighting":true,"audioPlay":false,"sceneViewState":{"showFog":true,"showMaterialUpdate":false,"showSkybox":true,"showFlares":true,"showImageEffects":true,"showParticleSystems":true},"in2DMode":false,"pivot":{"x":10.551369667053223,"y":2.8057432174682619,"z":-3.5841305255889894},"rotation":{"x":0.14767327904701234,"y":-0.4566357731819153,"z":0.07716209441423416,"w":0.873912513256073},"size":34.2017707824707,"orthographic":false}